;stop_id;stop_code;stop_name;stop_lat;stop_lon;zone_id;location_type
1;1;NA;Boulevard 9;43.32247348;-1.983020501;1;0
2;2;NA;Urbieta 12;43.31793043;-1.983490911;1;0
3;3;NA;Urbieta 58;43.31415212;-1.980853309;1;0
4;4;NA;Sancho Sabio 12;43.31007591;-1.980156928;1;0
5;5;NA;S.Sabio 28;43.30801025;-1.97974758;1;0
6;6;NA;Madrid 14;43.30449996;-1.976884203;1;0
7;7;NA;Madrid 28;43.30299176;-1.975380678;1;0
8;8;NA;Toribio Alzaga;43.30505633;-1.973656844;1;0
9;9;NA;La Salle;43.30990007;-1.96758267;1;0
10;600;NA;Urbieta 38;43.31617265;-1.982262365;1;0
11;601;NA;Hipica Cuarteles Loiola;43.30684211;-1.965982216;1;0
12;602;NA;Etxadi Parkea II;43.30102034;-1.988593268;1;0
13;603;NA;Elizasu;43.31501646;-1.934410324;1;0
14;604;NA;Txapinene;43.31503619;-1.934594953;1;0
15;606;NA;San Antonio;43.31971905;-1.942418297;1;0
16;607;NA;Luis Pradera 9;43.32087536;-1.946727051;1;0
17;608;NA;Morlans 73;43.30529769;-1.988620987;1;0
18;609;NA;Luis Pradera 1;43.32104294;-1.948302759;1;0
19;610;NA;Morlans Ascensor;43.30781414;-1.98706265;1;0
20;611;NA;Morlans 19;43.30835608;-1.984205355;1;0
21;612;NA;Errondo-Centenario;43.31157032;-1.981130743;1;0
22;613;NA;Garbera II;43.30983926;-1.948064407;1;0
23;616;NA;Errotazar-Illarra;43.30184841;-2.016430672;1;0
24;500;NA;Ubarburu 31;43.30123191;-1.946203235;1;0
25;501;NA;Ubarburu 5;43.30233861;-1.951991102;1;0
26;505;NA;Isturin;43.30962298;-1.995109108;1;0
27;507;NA;Ategorrieta;43.32202938;-1.967623942;1;0
28;508;NA;Plaza San Luis;43.31892476;-1.938325385;1;0
29;509;NA;Mikeletegi 6;43.28693524;-1.985301469;1;0
30;510;NA;Mikeletegi 5;43.28710532;-1.985187708;1;0
31;511;NA;Merkezabal 13;43.30227254;-1.986624519;1;0
32;512;NA;Borroto 20;43.30215669;-1.988796351;1;0
33;513;NA;Frontón Ategorrieta;43.32246372;-1.959908383;1;0
34;514;NA;Bordatxipi-Lore Toki;43.32380087;-1.960403571;1;0
35;515;NA;Larraga Arbola;43.3236418;-1.961725954;1;0
36;516;NA;Rodil 91;43.32473581;-1.963212018;1;0
37;517;NA;Rodil 69;43.32535197;-1.964632248;1;0
38;518;NA;Rodil 55;43.32565122;-1.965860542;1;0
39;519;NA;Manteo;43.32556012;-1.967736818;1;0
40;401;NA;Matigotxotegi-Parking;43.3182471;-1.963593673;1;0
41;522;NA;F. G. Lorca 6;43.31428479;-1.977558588;1;0
42;402;NA;Barcelona 26;43.31109911;-1.971742523;1;0
43;523;NA;Tolaregoia 2;43.31577771;-1.967335177;1;0
44;524;NA;Garro Zubia;43.31788422;-1.946544413;1;0
45;525;NA;Gregorio Ordoñez;43.30583236;-1.973841062;1;0
46;404;NA;San Roque 12;43.31219096;-1.984092157;1;0
47;405;NA;Barcelona 10;43.30927005;-1.971613064;1;0
48;526;NA;Zorroagako Gaina 1;43.30320236;-1.968756343;1;0
49;527;NA;Mendigain;43.30604275;-1.967204088;1;0
50;528;NA;Zorroagako Gaina 2;43.30219679;-1.968082916;1;0
51;529;NA;Ospitaleak-Larrañategi;43.29426874;-1.966626756;1;0
52;410;NA;Leosiñeta;43.312295;-1.937084395;1;0
53;531;NA;Jai Alai 17;43.31972217;-1.968390633;1;0
54;411;NA;Altzako Anbulatorioa;43.31659978;-1.932323221;1;0
55;532;NA;Tolaregoia 42;43.31620282;-1.96555219;1;0
56;533;NA;Zubiaurre 40;43.32014156;-1.957049826;1;0
57;413;NA;Larratxo 98;43.31658882;-1.932113771;1;0
58;534;NA;Txurkoene 3;43.31738032;-1.965322567;1;0
59;535;NA;Virgen del Carmen 46;43.31828735;-1.968044942;1;0
60;536;NA;Errondo 3;43.31057252;-1.981320042;1;0
61;537;NA;Leosiñeta II;43.31204836;-1.936706432;1;0
62;417;NA;Errondo Anoeta;43.30216304;-1.975345281;1;0
63;538;NA;Pasai San Pedro 49;43.32243053;-1.937684676;1;0
64;539;NA;Pasai San Pedro 25;43.32205522;-1.939935829;1;0
65;418;NA;Zorroaga-Anoeta;43.30333154;-1.973106388;1;0
66;540;NA;Larratxo 11;43.31645047;-1.939503003;1;0
67;541;NA;Larratxo 20;43.31438105;-1.93967464;1;0
68;420;NA;Errondo -J.M. Salaberria;43.30260709;-1.980700987;1;0
69;300;NA;Duque de Baena;43.31305726;-1.996544597;1;0
70;421;NA;Zubiaurre Puente;43.31989751;-1.952022299;1;0
71;542;NA;Eskalantegi 15;43.31803487;-1.919262935;1;0
72;301;NA;Sanserreka;43.31133738;-1.993465514;1;0
73;543;NA;Eskalantegi 58;43.31588717;-1.918770735;1;0
74;302;NA;Sanserreka-Polikiroldegia;43.30933977;-1.993621787;1;0
75;423;NA;Katalina Eleizegi 1;43.30632236;-1.98739567;1;0
76;544;NA;Molinao Plaza II;43.31278296;-1.920922072;1;0
77;424;NA;Oriamendi 112;43.28703789;-1.987740304;1;0
78;545;NA;Darieta 141;43.31757471;-1.921071581;1;0
79;303;NA;Rio Deba Ibaia 2;43.3167385;-1.969033049;1;0
80;425;NA;Mikeletegi 12;43.28807586;-1.981929786;1;0
81;304;NA;Melodi P. Baroja;43.30786572;-1.990859488;1;0
82;546;NA;Darieta 13;43.31940771;-1.922568374;1;0
83;426;NA;Poliklinika II;43.29024462;-1.979761105;1;0
84;305;NA;Gipuzkoa Pza 2;43.32151586;-1.982666488;1;0
85;547;NA;Darieta Polideportivo;43.31870623;-1.926490127;1;0
86;427;NA;Poliklinika I;43.29062582;-1.98009988;1;0
87;306;NA;Lazkano 3;43.31079318;-1.988936772;1;0
88;548;NA;Txingurri  29;43.31633211;-1.941305516;1;0
89;307;NA;Izaburu;43.30967134;-1.991396818;1;0
90;428;NA;Intxaurdegi;43.28721894;-1.987848236;1;0
91;549;NA;Txingurri 7;43.31810939;-1.938758879;1;0
92;429;NA;Katxola;43.29132317;-1.99070163;1;0
93;308;NA;Matia Zentroa;43.30393017;-2.00104702;1;0
94;309;NA;Lugaritz 27;43.30285239;-1.999301598;1;0
95;550;NA;Pasai San Pedro-Bidebieta;43.32190103;-1.93981518;1;0
96;430;NA;Oriamendi;43.29953035;-1.991169967;1;0
97;551;NA;Euskadi Etorbidea 5;43.32231825;-1.937230308;1;0
98;310;NA;Lugaritz Euskotren II;43.30216301;-2.001815699;1;0
99;431;NA;Gurutze Alde II;43.30676472;-1.999804593;1;0
100;552;NA;Azkuene 35;43.32580541;-1.938464558;1;0
101;432;NA;Aiete 93;43.30197213;-1.990328205;1;0
102;311;NA;Uniber T.70 II;43.30704103;-2.008788643;1;0
103;553;NA;Azkuene Plaza;43.32447511;-1.937747713;1;0
104;554;NA;Marrus;43.30682965;-1.94295006;1;0
105;433;NA;Lugaritz - Eusko Tren;43.30216911;-2.001482715;1;0
106;313;NA;Lugaritz-Geriatrico;43.30268936;-1.99919331;1;0
107;434;NA;Oriamendi Etxadi;43.30249997;-1.990960582;1;0
108;555;NA;Zorroagako Gaina 76;43.29855741;-1.965913051;1;0
109;435;NA;Oriamendi 20;43.2988305;-1.991452762;1;0
110;314;NA;Lazkano;43.30935425;-1.990156683;1;0
111;556;NA;Zorroagako Gaina 134;43.29469485;-1.964955326;1;0
112;315;NA;Melodi PB.55;43.30829658;-1.991727808;1;0
113;436;NA;Oriamendi 68;43.2931301;-1.991386723;1;0
114;557;NA;Illarra;43.30352702;-2.018968103;1;0
115;316;NA;Sanserreka 33;43.30935561;-1.993374916;1;0
116;437;NA;Katalina Eleizegi 25;43.30340328;-1.98720987;1;0
117;558;NA;Askatasuna/Libertad 3;43.32041725;-1.979626307;1;0
118;317;NA;Sanserreka 25;43.31161712;-1.993534883;1;0
119;318;NA;Duque de Baena 1;43.31316617;-1.996641455;1;0
120;439;NA;Oriamendi 86;43.29022272;-1.990485623;1;0
121;319;NA;Mirakontxa 42;43.31420339;-1.995810513;1;0
122;440;NA;Oriamendi Pakea;43.29488193;-1.99194949;1;0
123;320;NA;Mirakontxa 28;43.31431327;-1.991924286;1;0
124;441;NA;Alto Molinao;43.31255091;-1.924008955;1;0
125;200;NA;Madrid 17;43.30358806;-1.975604919;1;0
126;321;NA;Askatasuna 20;43.31984898;-1.981535038;1;0
127;201;NA;Madrid 3;43.30530542;-1.97733922;1;0
128;322;NA;Gantxegi;43.30899751;-1.996685376;1;0
129;443;NA;Ubarburu 32;43.30104285;-1.946206501;1;0
130;202;NA;SanchoSabio 33;43.30835928;-1.979507467;1;0
131;323;NA;Portuene 20 I;43.30991885;-1.997015476;1;0
132;444;NA;Ubarburu 44;43.29967557;-1.944405498;1;0
133;203;NA;P.Bizkaia-PuenteMundaiz;43.31082293;-1.979108651;1;0
134;324;NA;Portuene 49;43.30933346;-1.995977012;1;0
135;445;NA;Ubarburu 54;43.29637457;-1.942847659;1;0
136;566;NA;Pinos 7;43.30605907;-1.998398235;1;0
137;204;NA;Gernikako Arbola;43.31390463;-1.979353015;1;0
138;325;NA;Dr. Marañón;43.30822186;-1.99449102;1;0
139;446;NA;Ubarburu 55;43.29737982;-1.941523469;1;0
140;567;NA;Gurutze Alde I;43.30513687;-2.000028559;1;0
141;205;NA;Maria Cristina pte./zubia;43.31777253;-1.978905972;1;0
142;326;NA;Muntomar;43.30819763;-1.996858827;1;0
143;447;NA;Ubarburu 37;43.29967193;-1.944011048;1;0
144;568;NA;Lazkano 57 II;43.30830662;-1.98980412;1;0
145;206;NA;Groseko Anbulatorioa;43.3254402;-1.970415268;1;0
146;327;NA;Pinu bidea;43.30720661;-1.997824539;1;0
147;569;NA;Aieteko Jauregia II;43.30453817;-1.992344761;1;0
148;448;NA;Ubarburu 13;43.30260618;-1.948768608;1;0
149;328;NA;Gurutze H.153;43.30783824;-2.000033592;1;0
150;207;NA;Askatasuna 18;43.31997261;-1.981261655;1;0
151;208;NA;Urbieta 6;43.31834742;-1.983804598;1;0
152;329;NA;Itxas Aurre;43.3087805;-2.000696314;1;0
153;209;NA;P.M.Collado;43.30694263;-1.981195717;1;0
154;570;NA;Puente Mundaiz;43.31226153;-1.977863793;1;0
155;571;NA;Arriola 87;43.31204807;-2.016155207;1;0
156;330;NA;Apaizgaitegia/Seminario H.82;43.31078023;-2.002846095;1;0
157;572;NA;Arriola 32 igerilekuak;43.3114404;-2.015647112;1;0
158;452;NA;Okendo 18;43.32144603;-1.980891712;1;0
159;331;NA;Avanco;43.30856067;-2.004399013;1;0
160;210;NA;Salaberria 27;43.30534392;-1.980642925;1;0
161;573;NA;Pakea;43.3111102;-2.013901462;1;0
162;332;NA;Apaizgaitegia/Seminario;43.31069684;-2.002576182;1;0
163;211;NA;Mutualidades;43.30285489;-1.980216009;1;0
164;574;NA;Arriola 15;43.3101935;-2.012017363;1;0
165;333;NA;Itxas Aurre H.112;43.30889872;-2.000830012;1;0
166;212;NA;Errondo Barkaiztegi;43.30552266;-1.982514053;1;0
167;334;NA;Gurutze H.128;43.30744539;-1.999386538;1;0
168;213;NA;Lizarra;43.3148588;-1.985391855;1;0
169;576;NA;Julianategi-Universidad;43.30992133;-2.01073939;1;0
170;335;NA;Begi Urdinak;43.30729426;-1.997551837;1;0
171;214;NA;Errondo;43.30596381;-1.982506694;1;0
172;577;NA;Tontorgoxo;43.31066103;-2.011935805;1;0
173;336;NA;Donosti Zahar;43.30892615;-1.995737109;1;0
174;215;NA;Alto Errondo 32;43.30072444;-1.979610527;1;0
175;578;NA;Arriola 26;43.3111924;-2.014035772;1;0
176;337;NA;Portuene 20 II;43.30991799;-1.996916845;1;0
177;216;NA;Azkaratene;43.30101571;-1.987052246;1;0
178;579;NA;Arriola 32;43.31156793;-2.015817687;1;0
179;458;NA;Arroka plaza;43.31380253;-1.983054136;1;0
180;338;NA;Portuene 21;43.30929569;-1.996803775;1;0
181;459;NA;San Roque 2;43.31334606;-1.985392362;1;0
182;217;NA;Alto Miracruz II;43.321276;-1.948187742;1;0
183;339;NA;P.Baroja 4;43.31385627;-1.999355338;1;0
184;218;NA;Bera Bera 133;43.30321851;-1.992798082;1;0
185;219;NA;Bera Bera 89;43.3049815;-1.994630742;1;0
186;580;NA;Arriola 89;43.31201152;-2.016094141;1;0
187;460;NA;Aldapa 24;43.31556599;-1.968818571;1;0
188;581;NA;Montesol Eguzkimendi;43.31944953;-1.944433172;1;0
189;340;NA;P.Baroja 10;43.3113238;-1.996018231;1;0
190;582;NA;Ibaeta Diario Vasco;43.30381469;-2.008471188;1;0
191;461;NA;San Roque 18;43.31263427;-1.985342548;1;0
192;341;NA;Larramendi;43.31508229;-1.982169579;1;0
193;220;NA;Bera Bera 85;43.30444822;-1.996451966;1;0
194;462;NA;Beloka 1;43.31225049;-1.986742344;1;0
195;100;NA;Frantziskotarrak;43.31744715;-1.974743167;1;0
196;221;NA;Bera Bera 57;43.30215844;-1.998203369;1;0
197;463;NA;Beloka 15;43.31335689;-1.988647642;1;0
198;584;NA;Morlans 51;43.30646417;-1.988157769;1;0
199;101;NA;Duque de Mandas 3;43.32007062;-1.974094751;1;0
200;222;NA;Bera Bera 47;43.3015083;-1.996968826;1;0
201;585;NA;Tranbia 1;43.29731082;-1.954580055;1;0
202;464;NA;Beloka 23;43.31196261;-1.988806406;1;0
203;102;NA;Boulevard 3;43.32264926;-1.982536575;1;0
204;344;NA;Pio Baroja 15;43.31126783;-1.995797196;1;0
205;223;NA;Bera Bera 31;43.30055098;-1.994592797;1;0
206;586;NA;Campo futbol zelaia;43.29735516;-1.954505327;1;0
207;465;NA;Lazkano 2;43.31041712;-1.98917729;1;0
208;103;NA;Askatasuna  21;43.31949325;-1.982034281;1;0
209;345;NA;P. Baroja 5;43.31405423;-1.999339759;1;0
210;224;NA;Bera Bera 2;43.30154022;-1.991383309;1;0
211;587;NA;Txingurri 40;43.31566897;-1.941649987;1;0
212;466;NA;Txingurri;43.31813697;-1.93882006;1;0
213;225;NA;Askatasuna 31;43.31902881;-1.983472598;1;0
214;104;NA;Pinudi/Pinares M.16;43.32194912;-1.97471679;1;0
215;588;NA;Arzak Enea;43.28329471;-2.001360111;1;0
216;467;NA;Lazkano 57;43.30832561;-1.989914778;1;0
217;105;NA;Euskal Herria/Vasconia;43.32225643;-1.971838012;1;0
218;226;NA;Aiete 53;43.30735788;-1.99249546;1;0
219;347;NA;Pio XII;43.30742692;-1.979966949;1;0
220;468;NA;Lazkano 41;43.30949819;-1.990141969;1;0
221;589;NA;Aldunaene;43.30861697;-1.976099985;1;0
222;106;NA;Jai Alai;43.32199691;-1.967020173;1;0
223;227;NA;Iza;43.30998265;-1.990960098;1;0
224;348;NA;Melodi Lugaritz;43.30726477;-1.990104967;1;0
225;469;NA;San Roque 65;43.31158857;-1.988257715;1;0
226;107;NA;Erlojua/Reloj;43.32164713;-1.960218306;1;0
227;228;NA;Aiete 1;43.31077238;-1.989639971;1;0
228;349;NA;Unibertsitatea Tol.95;43.30735336;-2.008462985;1;0
229;108;NA;Intxaurrondo Zaharra;43.32135839;-1.953242809;1;0
230;229;NA;Marianistak;43.31443251;-1.987076033;1;0
231;109;NA;Mirakruz Gaina /Alto Miracruz;43.32124662;-1.949890186;1;0
232;590;NA;Mikeletegi-Miramon;43.28798165;-1.982473709;1;0
233;591;NA;Cocheras Mons;43.31888635;-1.960610697;1;0
234;470;NA;San Roque 58;43.31179578;-1.985220859;1;0
235;350;NA;Zumalakarregi 9;43.31477096;-2.002016281;1;0
236;471;NA;San Roque 13;43.31208601;-1.98342803;1;0
237;351;NA;Zumalakarregi 8;43.31490697;-2.002125039;1;0
238;230;NA;Katalina Eleizegi 2;43.30645773;-1.987430412;1;0
239;472;NA;San Roque 7;43.31284939;-1.984216831;1;0
240;593;NA;Balleneros 8;43.30577664;-1.974655763;1;0
241;110;NA;Elosegi 111;43.3204932;-1.943366821;1;0
242;352;NA;Melodi Parkea;43.30740696;-1.989893001;1;0
243;231;NA;Katalina Eleizegi 34;43.30479652;-1.98795117;1;0
244;594;NA;Aldakonea Gaina;43.3195794;-1.972536783;1;0
245;473;NA;Plaza Easo;43.31401894;-1.982076345;1;0
246;111;NA;Herrera Euskotren;43.31978744;-1.938137706;1;0
247;595;NA;Igeldo Pasealekua 72;43.3139477;-2.009860201;1;0
248;353;NA;Añorga Txiki I;43.28943569;-1.998264308;1;0
249;232;NA;Katalina Eleizegi 48;43.30316865;-1.987152119;1;0
250;112;NA;Herrera 20;43.31943021;-1.936516038;1;0
251;596;NA;Andoain 17;43.30054012;-1.991313543;1;0
252;354;NA;Añorga I;43.28513185;-2.000356335;1;0
253;233;NA;Sierra Aralar;43.31091048;-1.965802263;1;0
254;475;NA;Nazaret;43.32009426;-1.971714152;1;0
255;113;NA;Herrera 42;43.31986122;-1.933487034;1;0
256;597;NA;Pagola;43.29991892;-1.993370356;1;0
257;355;NA;Karmengo Ama;43.28080303;-2.004753192;1;0
258;234;NA;Alto Errondo 107;43.30089954;-1.987152805;1;0
259;476;NA;Euskadi Etorbidea-Azoka;43.32282319;-1.933435216;1;0
260;114;NA;Erroteta Behekoa;43.31853692;-1.931487699;1;0
261;356;NA;Errotazar-Amasorrain;43.28004846;-2.007033211;1;0
262;235;NA;Alto Errondo 91;43.30093764;-1.984341211;1;0
263;477;NA;Ricardo Arrillaga 6;43.32374409;-1.929842424;1;0
264;598;NA;Ilunbe;43.29714897;-1.968488819;1;0
265;115;NA;Santa Barbara;43.3175173;-1.93029702;1;0
266;599;NA;Arzak Enea II;43.2831541;-2.001756818;1;0
267;236;NA;Alto Errondo 55;43.30202517;-1.983102535;1;0
268;478;NA;Gran Sol 3;43.32456336;-1.929828041;1;0
269;357;NA;Caserío Parada;43.32092121;-1.948773506;1;0
270;116;NA;Nerecan;43.31667982;-1.934146948;1;0
271;358;NA;Irubide;43.28026952;-2.016987899;1;0
272;237;NA;Alto Errondo 27;43.30090978;-1.980199208;1;0
273;479;NA;Borda Enea 2;43.32544065;-1.932168379;1;0
274;117;NA;San Martzial;43.31411835;-1.934660315;1;0
275;238;NA;Boulevard 19;43.32204241;-1.984162332;1;0
276;359;NA;Caserio Parada 28;43.32001728;-1.948394448;1;0
277;239;NA;Zumalakarregi 10;43.31481877;-2.00233612;1;0
278;118;NA;Martillun;43.31284355;-1.936039015;1;0
279;119;NA;Larratxo 46;43.31353596;-1.937876631;1;0
280;10;NA;Loiola 12;43.30872377;-1.966949074;1;0
281;11;NA;Hipika 12;43.30673508;-1.966095;1;0
282;13;NA;Felisa Martin Bravo;43.30394872;-1.95870761;1;0
283;14;NA;Rotonda Polígono 27;43.30194666;-1.952454007;1;0
284;15;NA;Renfe Martutene;43.2990178;-1.95612884;1;0
285;16;NA;Ibai Alde;43.29533792;-1.954478252;1;0
286;17;NA;Easo 19;43.31717867;-1.984009058;1;0
287;18;NA;Larrun Mendi;43.29445978;-1.953963217;1;0
288;19;NA;Martutene 53;43.29915161;-1.955990938;1;0
289;480;NA;Oiartzun 8;43.32463561;-1.934673861;1;0
290;360;NA;Rotonda Belartza;43.28093069;-2.010124697;1;0
291;481;NA;Ulia 22;43.32557221;-1.937592923;1;0
292;240;NA;Antig Anbul;43.31346428;-2.004997181;1;0
293;361;NA;Belartza;43.28107376;-2.015224832;1;0
294;241;NA;Majisteritza Tol 14;43.31148087;-2.008864456;1;0
295;120;NA;Larratxo I;43.31221748;-1.939403982;1;0
296;362;NA;Errekalde;43.27848212;-2.007083334;1;0
297;121;NA;Bianka;43.31337299;-1.937780819;1;0
298;242;NA;Unibertsitatea Elhuyar;43.30834684;-2.01088823;1;0
299;363;NA;Río Deba Ibaia 25;43.31608338;-1.970277309;1;0
300;122;NA;Lauaizeta 33;43.3130212;-1.93577696;1;0
301;364;NA;Añorga II;43.28560919;-1.999337812;1;0
302;243;NA;Elhuyar Plaza;43.30813795;-2.010682004;1;0
303;123;NA;Altza 55;43.31412528;-1.934438228;1;0
304;365;NA;Añorga Txiki II;43.28920727;-1.997885938;1;0
305;244;NA;Berio 22;43.30690428;-2.015892939;1;0
306;124;NA;Larratxo 94;43.31651501;-1.933853863;1;0
307;366;NA;Garbera;43.30815604;-1.948130429;1;0
308;245;NA;Berio 19;43.30714692;-2.014791651;1;0
309;487;NA;Jai Alai  8;43.32067337;-1.96802922;1;0
310;125;NA;Arri Berri;43.31787846;-1.929439762;1;0
311;246;NA;Aspace;43.30527386;-2.016868627;1;0
312;367;NA;Otxoki;43.31087015;-1.954433968;1;0
313;488;NA;Aldapabide  14;43.32024389;-1.967333528;1;0
314;126;NA;Arria Parkea;43.3185876;-1.931129173;1;0
315;368;NA;Baratzategi 2;43.31390177;-1.959055587;1;0
316;247;NA;Berio 45;43.3054713;-2.016791467;1;0
317;489;NA;Aldakonea 69;43.31947508;-1.967950843;1;0
318;369;NA;Zarategi 71;43.31632112;-1.953810232;1;0
319;127;NA;Pikabea;43.31922535;-1.933855799;1;0
320;248;NA;Berio 78;43.303414;-2.015246477;1;0
321;128;NA;RENFE Herrera;43.3193794;-1.936862234;1;0
322;249;NA;Portuetxe 2;43.30314942;-2.008592964;1;0
323;129;NA;Herrera;43.31973823;-1.938656531;1;0
324;20;NA;Kartzela;43.30206306;-1.957309633;1;0
325;21;NA;Antzieta 31;43.3037597;-1.960695861;1;0
326;22;NA;Txomin Enea;43.30475687;-1.96341603;1;0
327;23;NA;Patxillardegi;43.3084859;-1.966533872;1;0
328;24;NA;Loiola-Topo;43.31035978;-1.967636542;1;0
329;25;NA;Zurriola;43.32513316;-1.975329254;1;0
330;26;NA;Madrid 19;43.30344258;-1.975447082;1;0
331;27;NA;Madrid 5;43.30510526;-1.977108313;1;0
332;28;NA;SanchoSabio 35;43.30821501;-1.97948522;1;0
333;29;NA;SanchoSabio11;43.3103706;-1.979880725;1;0
334;490;NA;Aldakonea-Alai Ondo;43.31944552;-1.969665563;1;0
335;491;NA;Konkorrenea-Parrokia;43.31920732;-1.970212217;1;0
336;370;NA;Caserio Parada 70;43.3201735;-1.945801895;1;0
337;250;NA;Portuetxe 9;43.30307579;-2.008409222;1;0
338;371;NA;Berio 91;43.3033358;-2.011401008;1;0
339;492;NA;Konkorrenea 23;43.31890553;-1.971697203;1;0
340;130;NA;Gaiztarro;43.3207838;-1.943633105;1;0
341;251;NA;Portuetxe 10;43.30204637;-2.010152015;1;0
342;493;NA;Aldakonea Zuhaizti;43.32080555;-1.9737124;1;0
343;494;NA;Euskadi Plaza;43.32113414;-1.977221733;1;0
344;131;NA;Mirakruz Gaina/Alto Miracruz;43.3214025;-1.950195824;1;0
345;373;NA;Berio 118;43.30321716;-2.011217992;1;0
346;252;NA;Portuetxe 21;43.30191079;-2.01009257;1;0
347;495;NA;Askatasuna19;43.31976587;-1.981302107;1;0
348;132;NA;Ulia;43.32150458;-1.953474625;1;0
349;374;NA;Polloe;43.31845901;-1.965119277;1;0
350;253;NA;Portuetxe 18;43.30206049;-2.012827181;1;0
351;133;NA;Toki Eder;43.32178221;-1.959229363;1;0
352;375;NA;Aitzgorri;43.3089509;-2.003714471;1;0
353;496;NA;Errondo-Morlans;43.30778628;-1.981896775;1;0
354;254;NA;Portuetxe 35;43.30196865;-2.012619075;1;0
355;134;NA;Jesuitak;43.32330569;-1.967367995;1;0
356;497;NA;Alto Errondo 49;43.30194929;-1.983683262;1;0
357;376;NA;Baratzategi 3;43.3140716;-1.958917042;1;0
358;255;NA;Errotazar;43.3014868;-2.016263897;1;0
359;135;NA;Mariaren Bihotza;43.3259388;-1.970789195;1;0
360;498;NA;Parking Loiola;43.31145538;-1.969307329;1;0
361;377;NA;Otxoki Parkea;43.31071777;-1.954510565;1;0
362;256;NA;Portuetxe 51;43.30136955;-2.01624113;1;0
363;136;NA;Kursaal;43.32475917;-1.976803238;1;0
364;499;NA;Ubarburu 14;43.30247658;-1.949362638;1;0
365;257;NA;Igara;43.30162146;-2.021464531;1;0
366;378;NA;Aldapabide 5;43.32097313;-1.967321175;1;0
367;137;NA;Escalerillas;43.32124335;-1.931070278;1;0
368;258;NA;Berio 73;43.30289423;-2.014490458;1;0
369;138;NA;Puerto Pasajes Escalerillas;43.32135576;-1.931536957;1;0
370;259;NA;Berio 63;43.30368739;-2.015624273;1;0
371;139;NA;Casares 57;43.32114672;-1.923647597;1;0
372;30;NA;Easo Plaza;43.31378047;-1.981587071;1;0
373;32;NA;Okendo 11;43.32064849;-1.980313071;1;0
374;34;NA;Boulevard 17;43.32214825;-1.983913907;1;0
375;35;NA;Urbieta 20;43.31726893;-1.983020988;1;0
376;36;NA;Zubieta-San Martín;43.31549695;-1.987292654;1;0
377;37;NA;Okendo 5;43.32091112;-1.980481338;1;0
378;38;NA;Loiola Parking II;43.31124797;-1.969273841;1;0
379;39;NA;Zubieta Plaza;43.31574838;-1.987214487;1;0
380;380;NA;Katalina Eleizegi 13;43.30472341;-1.987829088;1;0
381;260;NA;Begiristain I;43.29997459;-1.968293103;1;0
382;140;NA;Buenavista Casares;43.32095667;-1.92259033;1;0
383;261;NA;Begiristain II;43.30091691;-1.967944291;1;0
384;141;NA;Casares 69;43.32016953;-1.926020385;1;0
385;262;NA;Lorearte;43.29597088;-1.966659569;1;0
386;383;NA;Molinao Plaza I;43.31259459;-1.920999392;1;0
387;142;NA;Darieta;43.32035709;-1.925856757;1;0
388;263;NA;Txiskuene;43.29616694;-1.966434348;1;0
389;143;NA;Casares 42;43.31973802;-1.92993741;1;0
390;264;NA;Donostiako Ospitalea I;43.29356519;-1.968487762;1;0
391;144;NA;Oleta;43.31970709;-1.929518646;1;0
392;265;NA;Donostiako Ospitalea II;43.29315516;-1.9689508;1;0
393;145;NA;Arrizar;43.31843941;-1.928763969;1;0
394;266;NA;Ospitalea/Hospital I;43.29308045;-1.970653213;1;0
395;146;NA;Aitz Gain;43.31810994;-1.933012047;1;0
396;267;NA;Ospitalea/Hospital II;43.29284249;-1.970225778;1;0
397;147;NA;Txirrita 54;43.31749199;-1.937240443;1;0
398;268;NA;Onkologikoa;43.29155359;-1.974093512;1;0
399;269;NA;Avda Zarauz 122;43.30276251;-2.003445667;1;0
400;148;NA;Txirrita 21;43.3154753;-1.939211671;1;0
401;149;NA;Txirrita 13;43.31405943;-1.938977341;1;0
402;40;NA;Ondarreta;43.31512555;-2.000345705;1;0
403;41;NA;Esklabak;43.31445265;-2.002687392;1;0
404;42;NA;Zumalaka.21;43.31345216;-2.004639771;1;0
405;43;NA;Majisteritza;43.31169921;-2.008084057;1;0
406;44;NA;Unibertsitatea Tol.77;43.30753503;-2.008644984;1;0
407;45;NA;Tolosa 111;43.3052384;-2.006512291;1;0
408;46;NA;Amerika Plaza;43.30235052;-2.003698978;1;0
409;47;NA;Errotaburu 5;43.30103681;-2.003806734;1;0
410;48;NA;Zuatzu;43.29794454;-2.007518691;1;0
411;49;NA;Errotaburu 6;43.30085354;-2.00447548;1;0
412;270;NA;Onkologikoa II;43.29167355;-1.973413516;1;0
413;150;NA;Pinudi/ Pinares;43.32188864;-1.975001466;1;0
414;271;NA;Miramón;43.29011362;-1.983251719;1;0
415;151;NA;Zuatzu-Urola;43.29617278;-2.009840484;1;0
416;273;NA;Mikeleteak 4;43.31396113;-2.000019514;1;0
417;394;NA;Etxadi Parkea;43.30109117;-1.988456477;1;0
418;152;NA;F. Sasiain;43.32168714;-1.961648248;1;0
419;274;NA;Mikeleteak 1;43.31375266;-1.999862625;1;0
420;395;NA;Larratxo;43.31203468;-1.939111217;1;0
421;153;NA;Mons 36;43.31650109;-1.955767919;1;0
422;275;NA;Portuene 2;43.31064565;-1.99877915;1;0
423;154;NA;Zarategi 80;43.31594852;-1.954420883;1;0
424;276;NA;Jauregia/Palacio;43.31080857;-1.998875121;1;0
425;155;NA;Txara I;43.31404383;-1.956858169;1;0
426;277;NA;Unibertsitatea Tol.70 I;43.30791227;-2.009575947;1;0
427;156;NA;Gipuzkoa  Plaza;43.32148271;-1.981976397;1;0
428;278;NA;Tolosa 112;43.30501632;-2.006861137;1;0
429;157;NA;Askatasuna 7;43.32010051;-1.980457895;1;0
430;399;NA;Barcelona 35;43.31104753;-1.972014671;1;0
431;158;NA;Elosegi 102;43.32116544;-1.944983107;1;0
432;279;NA;Infierno;43.29888658;-2.00092002;1;0
433;159;NA;Elosegi 283;43.32134607;-1.945041645;1;0
434;50;NA;Tolosa 138;43.30233648;-2.004155383;1;0
435;51;NA;Zarautz 90;43.30526959;-2.004921257;1;0
436;52;NA;Resurrección Mª de Azkue 32;43.30825605;-2.007683834;1;0
437;53;NA;R.M. Azkue;43.31058979;-2.007867817;1;0
438;54;NA;Benta Berri;43.31231927;-2.004830897;1;0
439;55;NA;Matia;43.31422754;-2.001655231;1;0
440;56;NA;Boulevard 15;43.32222709;-1.983665931;1;0
441;57;NA;Iparragirre 8;43.32238822;-1.975486391;1;0
442;58;NA;Zubiaurre 64;43.32004026;-1.953845075;1;0
443;59;NA;Anbulatorioa Txomin Enea;43.30505481;-1.962510906;1;0
444;160;NA;Juan XXIII 2;43.3222368;-1.942041627;1;0
445;281;NA;Ibaeta - Tolosa;43.30376648;-2.007066425;1;0
446;161;NA;Juan XXIII;43.32203122;-1.942205524;1;0
447;162;NA;Bidebietako Anbulatorioa;43.32334642;-1.940320375;1;0
448;163;NA;Julio Urkixo 38;43.32367431;-1.941696011;1;0
449;284;NA;Barcelona 15;43.30917379;-1.971922949;1;0
450;164;NA;Serapio Mujika 29;43.32308989;-1.945689796;1;0
451;286;NA;Matigotxotegi;43.31839081;-1.963554233;1;0
452;165;NA;Ategorrieta 65;43.32193481;-1.962149683;1;0
453;166;NA;Ategorrieta 41;43.32214263;-1.9672027;1;0
454;287;NA;Errekalde II;43.27776896;-2.009991095;1;0
455;288;NA;Virgen  Carmen 3;43.31654961;-1.972057566;1;0
456;167;NA;Satrustegi;43.31562303;-2.001632383;1;0
457;168;NA;Satrustegi II;43.31669759;-2.005080072;1;0
458;289;NA;Igeldo 25;43.31482685;-2.007404271;1;0
459;169;NA;Funikularea;43.31913058;-2.006322947;1;0
460;60;NA;Nafarroa 34;43.32383666;-1.968333339;1;0
461;61;NA;Arbós Musikaria/M. Arbós Z.10;43.32126185;-1.965392355;1;0
462;62;NA;Arbós Musikaria/Maestro Arbós;43.32120404;-1.964974018;1;0
463;63;NA;Renfe / Zubiaurre 27;43.32025017;-1.961068421;1;0
464;64;NA;Renfe Ategorrieta;43.32031547;-1.960327347;1;0
465;65;NA;Zarategi 8;43.31852438;-1.958434046;1;0
466;66;NA;Gaztelu;43.31835177;-1.956291176;1;0
467;67;NA;Lafont;43.31762565;-1.953689191;1;0
468;68;NA;Basotxiki;43.31716361;-1.95141569;1;0
469;69;NA;Julimasene;43.31737593;-1.947083475;1;0
470;290;NA;Molinao bidea 64;43.3132704;-1.922960435;1;0
471;170;NA;La Sirena;43.31463157;-2.00772807;1;0
472;291;NA;Londaitz;43.31402207;-1.989536804;1;0
473;171;NA;Igeldo 81;43.31470803;-2.01240049;1;0
474;292;NA;La Cumbre;43.31061741;-1.990444036;1;0
475;172;NA;Kristobal Balenziaga 2;43.31844382;-2.016458976;1;0
476;293;NA;Munto Alde;43.3082557;-1.992197034;1;0
477;173;NA;Tximistarri;43.31831393;-2.02021009;1;0
478;294;NA;Munto;43.30704603;-1.992870512;1;0
479;174;NA;Kristobal Balenziaga 42;43.31587269;-2.023245946;1;0
480;295;NA;Aiteko Jauregia/Palacio Aiete;43.30438533;-1.992371944;1;0
481;175;NA;Amezti 2;43.31430543;-2.027414431;1;0
482;296;NA;Bera Bera-Etxadi;43.3027384;-1.991449804;1;0
483;176;NA;Kamio CB.74;43.31253683;-2.030155486;1;0
484;298;NA;Miraconcha;43.31433475;-1.992318538;1;0
485;177;NA;Kristobal Balenziaga 96;43.31022802;-2.033977716;1;0
486;299;NA;Miramar jauregi/Palacio Mirama;43.31429667;-1.996178921;1;0
487;178;NA;Igeldo Herria;43.30849644;-2.037926183;1;0
488;179;NA;Meteorologikoa PO.44;43.30629852;-2.041043318;1;0
489;70;NA;Zubiaurre 117;43.31844437;-1.948705221;1;0
490;71;NA;Zubiaurre 70;43.31977256;-1.951161166;1;0
491;72;NA;Zabaltoki;43.32010644;-1.954189253;1;0
492;73;NA;Zubiaurre 39;43.32022933;-1.957788285;1;0
493;74;NA;Ategorrieta 31;43.32221278;-1.967990829;1;0
494;75;NA;Galtzara Nagusia/ Gran Vía 21;43.32376279;-1.973132278;1;0
495;76;NA;Colón 17;43.32316662;-1.976940968;1;0
496;77;NA;Askatasuna/Libertad 6;43.32050004;-1.979822245;1;0
497;78;NA;Elosegi 22;43.32154715;-1.95714911;1;0
498;79;NA;Boulevard 13;43.32231493;-1.983417805;1;0
499;180;NA;Camping;43.3053369;-2.045571098;1;0
500;181;NA;Meteorologikoa PO.47;43.30626944;-2.040797178;1;0
501;182;NA;Igeldo Herria CB.105;43.30895398;-2.035588518;1;0
502;183;NA;Kristobal Balenziaga 93;43.31020008;-2.033867183;1;0
503;184;NA;Kamio;43.31234974;-2.030392752;1;0
504;185;NA;Amezti;43.31428637;-2.02729142;1;0
505;186;NA;Kristobal Balenziaga 42 II;43.31564866;-2.023372853;1;0
506;187;NA;Tximistarri CB.23;43.31825896;-2.020099983;1;0
507;188;NA;Kristobal Balenziaga I;43.31793805;-2.016282152;1;0
508;189;NA;Igeldo 57;43.3142925;-2.01224691;1;0
509;80;NA;Askatasuna/ Libertad 15;43.31984492;-1.9810788;1;0
510;81;NA;Epaitegiak/Juzgados;43.31978529;-1.974407867;1;0
511;82;NA;Tabakalera;43.31730509;-1.974967533;1;0
512;83;NA;Egia 24;43.31633698;-1.972443439;1;0
513;84;NA;Ametzagaina 14;43.31637492;-1.970654675;1;0
514;85;NA;María Reina;43.31758377;-1.967908864;1;0
515;86;NA;Polloe A.58;43.31814237;-1.965950913;1;0
516;87;NA;Tolaregoia;43.31560802;-1.964501751;1;0
517;88;NA;Beharko;43.31371007;-1.960748255;1;0
518;89;NA;Galizia 18;43.31379499;-1.958206545;1;0
519;190;NA;Iruña;43.31443479;-2.00477171;1;0
520;191;NA;Zuatzu-Ulía;43.29762021;-2.007499311;1;0
521;192;NA;G.Vía-G.Nagusia 27;43.32348038;-1.972767036;1;0
522;193;NA;Estaciones Renfe Bus Geltokiak;43.31796285;-1.977028288;1;0
523;194;NA;Bilbo/Bilbao;43.31720514;-1.979902039;1;0
524;195;NA;Ehunurteurrena/Centenario;43.3126262;-1.980385565;1;0
525;198;NA;Madrid 10;43.30474536;-1.977139007;1;0
526;199;NA;Anoeta;43.30279193;-1.975186768;1;0
527;90;NA;Galizia 28;43.3125015;-1.955589785;1;0
528;91;NA;Bustintxulo;43.31113311;-1.952666151;1;0
529;92;NA;Baratzategi 21;43.31262591;-1.952455547;1;0
530;93;NA;Txara II;43.31403427;-1.955810162;1;0
531;94;NA;Elosegi 43;43.32166093;-1.956789507;1;0
532;95;NA;Mons 77;43.31653913;-1.955989242;1;0
533;96;NA;Dbus Kotxerak;43.31847441;-1.961850952;1;0
534;97;NA;Virgen del Carmen 65;43.31890453;-1.966591604;1;0
535;98;NA;Virgen Carmen 43;43.317908;-1.968914617;1;0
536;99;NA;Egia 17;43.31623462;-1.972075208;1;0
